set,int,length
3,0,766.8
3,0,67.5
3,0,75.6
4,0,232.2
3,0,135
3,0,216
3,0,126.9
3,0,191.7
3,0,32.4
3,0,40.5
3,0,197.1
3,0,51.3
3,0,16.2
4,0,72.9
4,0,396.9
3,0,78.3
4,0,477.9
4,0,99.9
4,0,226.8
4,0,83.7
4,0,118.8
4,0,148.5
4,0,575.1
4,0,218.7
4,0,48.6
4,0,669.6
4,0,351
4,0,67.5
4,0,24.3
4,0,148.5
3,0,37.8
4,0,37.8
3,0,43.2
4,0,72.9
4,0,78.3
4,0,148.5
4,0,99.9
4,0,480.6
4,0,121.5
4,0,40.5
4,0,24.3
4,0,43.2
4,0,280.8
3,0,64.8
4,0,151.2
4,0,18.9
4,0,143.1
4,0,145.8
4,0,102.6
4,0,153.9
3,0,24.3
4,0,48.6
4,0,126.9
4,0,278.1
4,0,67.5
4,0,99.9
4,0,70.2
4,0,32.4
4,0,64.8
4,0,91.8
4,0,45.9
4,0,21.6
4,0,27
4,0,226.8
4,0,43.2
4,0,102.6
4,0,151.2
2,0,8.1
3,0,67.5
4,0,91.8
4,0,32.4
4,0,45.9
4,0,27
3,0,105.3
4,0,37.8
3,0,21.6
4,0,16.2
4,0,126.9
4,0,51.3
4,0,13.5
2,0,402.3
4,0,356.4
3,0,186.3
4,0,70.2
3,0,151.2
2,0,264.6
4,0,18.9
4,0,29.7
3,0,507.6
3,0,81
4,0,391.5
3,0,391.5
4,0,194.4
2,0,72.9
3,0,240.3
4,0,129.6
4,0,121.5
4,0,27
3,0,75.6
4,0,291.6
4,0,48.6
4,0,218.7
3,0,37.8
4,0,118.8
4,0,148.5
4,0,21.6
3,0,67.5
4,0,324
4,0,83.7
4,0,70.2
4,0,72.9
4,0,27
4,0,54
2,0,5.4
2,0,375.3
4,0,102.6
4,0,48.6
4,0,24.3
4,0,175.5
3,0,37.8
2,0,164.7
2,0,189
4,0,178.2
4,0,51.3
4,0,70.2
2,0,1161
2,0,164.7
3,0,89.1
4,0,13.5
2,0,205.2
2,0,329.4
4,0,27
2,0,21.6
4,0,135
2,0,13.5
3,0,51.3
4,0,18.9
4,0,86.4
2,0,375.3
4,0,70.2
2,0,499.5
2,0,91.8
2,0,745.2
2,0,124.2
4,0,91.8
2,0,205.2
4,0,83.7
3,0,21.6
4,0,62.1
2,0,507.6
3,0,307.8
4,0,132.3
2,0,59.4
4,0,145.8
4,0,43.2
2,0,194.4
2,0,599.4
2,0,612.9
2,0,129.6
2,0,129.6
2,0,523.8
4,0,507.6
2,0,307.8
3,0,472.5
2,0,110.7
2,0,35.1
2,0,245.7
4,0,297
4,0,16.2
2,0,429.3
4,0,121.5
2,0,445.5
4,0,229.5
4,0,199.8
4,0,86.4
2,0,51.3
2,0,226.8
3,0,202.5
4,0,156.6
2,0,602.1
2,0,113.4
2,0,148.5
2,0,599.4
2,0,793.8
4,0,8.1
2,0,124.2
2,0,43.2
2,0,410.4
2,0,159.3
2,0,72.9
4,0,45.9
2,0,348.3
2,0,118.8
2,0,164.7
2,0,191.7
3,0,151.2
4,0,24.3
2,0,321.3
2,0,91.8
2,0,297
2,0,494.1
2,0,172.8
2,0,299.7
2,0,13.5
2,0,91.8
2,0,172.8
4,0,97.2
2,0,396.9
2,0,326.7
2,0,91.8
2,0,286.2
2,0,294.3
4,0,124.2
4,0,453.6
2,1,548.1
2,2,164.7
2,3,324
2,4,496.8
2,5,294.3
2,6,126.9
2,7,183.6
2,7,677.7
2,8,450.9
3,8,283.5
2,9,189
2,10,172.8
2,11,35.1
2,11,1074.6
2,12,307.8
2,13,175.5
2,14,256.5
2,15,126.9
2,16,81
2,17,32.4
4,17,78.3
2,18,245.7
3,18,121.5
2,19,189
4,19,83.7
4,19,310.5
2,19,812.7
3,19,56.7
2,19,62.1
2,20,59.4
2,21,16.2
2,22,156.6
2,22,205.2
2,23,1422.9
2,24,24.3
4,24,21.6
2,25,253.8
2,25,429.3
2,26,210.6
3,26,48.6
4,26,156.6
2,27,237.6
4,27,118.8
2,28,461.7
2,29,1290.6
3,29,661.5
4,29,13.5
2,29,99.9
4,29,631.8
2,30,89.1
4,30,72.9
2,31,388.8
2,31,137.7
2,32,742.5
3,32,359.1
4,32,199.8
4,32,27
2,33,43.2
3,33,35.1
4,33,305.1
2,34,221.4
2,35,132.3
2,35,777.6
2,36,453.6
2,37,40.5
2,37,542.7
2,38,48.6
2,38,359.1
2,39,56.7
2,40,272.7
2,41,162
2,42,86.4
2,42,291.6
2,43,97.2
2,43,156.6
2,44,97.2
4,44,561.6
4,44,280.8
2,45,191.7
2,46,24.3
4,46,267.3
3,46,275.4
4,46,110.7
4,46,329.4
2,47,167.4
4,47,86.4
2,48,151.2
2,49,162
4,49,135
2,50,467.1
2,51,43.2
2,52,32.4
2,53,218.7
2,54,891
2,55,315.9
2,56,124.2
3,56,162
2,57,683.1
2,58,459
4,58,21.6
4,58,167.4
2,59,394.2
4,59,132.3
2,60,356.4
2,61,91.8
2,62,369.9
4,62,464.4
2,63,27
2,64,70.2
2,64,313.2
2,64,105.3
2,65,272.7
2,66,27
2,67,113.4
2,68,278.1
2,69,126.9
2,69,202.5
2,70,45.9
2,70,72.9
3,70,105.3
2,71,364.5
4,71,51.3
2,71,148.5
2,72,83.7
2,73,383.4
2,73,86.4
4,73,51.3
2,74,207.9
2,75,116.1
2,75,1101.6
2,76,707.4
2,77,607.5
2,78,126.9
2,79,788.4
2,80,43.2
2,81,70.2
2,82,97.2
2,83,432
2,84,67.5
4,84,172.8
2,85,380.7
2,86,793.8
2,87,35.1
2,88,99.9
2,89,324
3,89,72.9
4,89,324
2,89,483.3
2,90,70.2
2,91,108
2,92,178.2
2,92,108
2,93,118.8
2,94,32.4
2,95,723.6
2,96,59.4
2,97,264.6
2,98,18.9
2,99,521.1
2,100,234.9
2,101,364.5
2,102,928.8
2,103,37.8
2,104,267.3
4,104,137.7
2,105,135
2,105,135
2,106,135
2,107,18.9
2,107,48.6
2,108,494.1
2,109,234.9
2,110,205.2
2,111,24.3
2,112,37.8
4,112,24.3
2,113,148.5
2,114,240.3
2,115,602.1
2,116,156.6
2,117,537.3
2,117,108
2,118,243
2,119,81
2,120,305.1
2,121,170.1
2,122,834.3
2,123,102.6
2,124,226.8
2,125,315.9
2,126,110.7
2,127,577.8
4,127,75.6
2,128,118.8
2,129,218.7
2,130,86.4
2,131,199.8
2,132,367.2
2,133,610.2
2,134,283.5
4,134,21.6
4,134,40.5
2,134,37.8
2,135,796.5
2,136,437.4
4,136,256.5
2,136,16.2
2,137,83.7
2,138,329.4
2,139,272.7
2,140,148.5
2,141,885.6
2,142,78.3
2,143,167.4
2,144,56.7
2,145,207.9
2,146,29.7
4,146,27
2,147,99.9
2,148,27
4,148,135
2,149,48.6
3,149,153.9
4,149,313.2
2,149,18.9
2,150,734.4
2,151,21.6
4,151,426.6
2,152,594
2,153,16.2
2,154,351
2,155,13.5
2,156,515.7
2,156,758.7
2,157,459
2,158,48.6
4,158,197.1
2,158,99.9
2,159,270
2,160,172.8
2,161,340.2
2,161,251.1
4,161,35.1
4,161,56.7
2,162,232.2
2,163,243
2,164,402.3
2,165,18.9
2,166,232.2
2,167,299.7
2,168,288.9
2,169,221.4
2,170,191.7
2,171,432
4,171,70.2
2,172,612.9
2,173,37.8
3,173,332.1
2,174,642.6
2,174,110.7
2,175,207.9
2,175,35.1
2,176,199.8
2,177,178.2
2,178,334.8
2,178,540
2,179,726.3
2,179,267.3
2,180,180.9
2,181,734.4
4,181,226.8
2,182,54
2,182,421.2
2,183,64.8
2,184,121.5
2,185,29.7
2,186,251.1
2,186,383.4
2,187,86.4
2,188,278.1
2,189,124.2
2,190,472.5
2,191,342.9
2,192,45.9
2,193,159.3
2,194,237.6
2,194,16.2
2,195,229.5
4,195,218.7
4,195,272.7
2,195,248.4
2,196,383.4
2,197,305.1
2,197,37.8
2,198,108
2,199,507.6
2,200,469.8
2,201,164.7
2,202,491.4
2,203,245.7
2,204,216
2,204,318.6
4,204,105.3
2,205,264.6
2,206,267.3
2,206,334.8
2,207,194.4
4,207,340.2
2,208,537.3
4,208,388.8
2,209,523.8
3,209,59.4
4,209,37.8
2,209,70.2
2,209,43.2
2,210,513
2,211,294.3
4,211,359.1
2,211,40.5
2,212,315.9
2,213,45.9
2,214,286.2
2,215,27
3,215,13.5
2,216,18.9
4,216,118.8
2,217,45.9
2,218,429.3
2,219,43.2
2,220,256.5
2,221,51.3
2,222,175.5
2,223,402.3
2,224,267.3
2,225,108
2,226,113.4
2,227,278.1
2,228,16.2
2,229,83.7
2,230,467.1
2,231,353.7
2,232,423.9
2,233,35.1
2,233,116.1
2,233,135
2,234,324
3,234,396.9
2,235,110.7
2,236,359.1
4,236,118.8
4,236,151.2
2,236,140.4
2,237,526.5
2,237,467.1
2,238,143.1
2,239,334.8
2,240,259.2
2,240,199.8
2,241,162
2,242,348.3
2,243,540
2,244,67.5
2,245,391.5
2,246,121.5
2,247,216
2,248,577.8
2,249,94.5
2,250,283.5
2,250,334.8
2,251,78.3
2,252,391.5
4,252,170.1
2,253,464.4
2,254,151.2
2,255,553.5
4,255,70.2
2,255,351
2,256,394.2
4,256,145.8
2,257,232.2
2,258,113.4
3,258,89.1
4,258,334.8
2,258,64.8
2,259,423.9
2,260,421.2
2,261,40.5
2,262,364.5
4,262,191.7
2,263,91.8
2,264,496.8
2,265,378
2,266,207.9
2,267,556.2
2,268,167.4
2,268,1031.4
2,269,410.4
2,270,113.4
2,270,243
2,271,191.7
2,272,48.6
2,273,272.7
2,274,380.7
2,275,16.2
2,276,224.1
2,277,675
2,277,326.7
2,278,121.5
2,279,232.2
4,279,13.5
2,280,143.1
2,280,108
2,281,340.2
3,281,413.1
4,281,72.9
2,282,129.6
2,283,27
2,284,432
2,285,356.4
2,286,70.2
2,287,207.9
4,287,229.5
2,288,108
2,289,213.3
2,290,356.4
2,291,486
2,292,37.8
2,293,413.1
2,293,35.1
2,294,54
2,295,378
2,296,307.8
2,297,199.8
4,297,21.6
2,298,129.6
2,299,224.1
2,300,151.2
2,301,135
2,302,24.3
2,303,375.3
2,304,237.6
2,305,318.6
2,306,240.3
2,307,16.2
2,308,291.6
2,309,137.7
2,310,51.3
2,311,361.8
2,312,70.2
2,313,151.2
2,314,297
4,314,164.7
2,315,75.6
2,315,342.9
2,316,359.1
2,317,386.1
2,318,207.9
2,319,526.5
2,319,194.4
2,320,83.7
2,321,318.6
2,322,29.7
2,323,429.3
2,323,264.6
4,323,270
2,324,434.7
4,324,35.1
2,325,162
2,326,253.8
2,327,280.8
2,328,423.9
4,328,143.1
2,329,126.9
2,330,243
2,331,261.9
2,332,43.2
2,333,280.8
2,334,162
2,335,256.5
2,336,194.4
4,336,89.1
2,337,240.3
2,338,135
2,338,5.4
2,338,148.5
2,339,18.9
4,339,148.5
4,339,102.6
2,340,21.6
2,341,380.7
2,341,337.5
2,342,94.5
2,343,386.1
4,343,210.6
2,344,256.5
2,345,81
4,345,432
4,345,37.8
2,345,197.1
2,345,407.7
4,345,64.8
2,346,89.1
2,347,221.4
2,348,172.8
2,349,129.6
2,350,116.1
3,350,197.1
4,350,108
2,351,70.2
2,352,243
2,353,237.6
2,354,156.6
2,355,229.5
2,356,37.8
2,357,21.6
4,357,197.1
2,357,151.2
4,357,388.8
2,358,221.4
2,359,21.6
2,360,315.9
2,360,56.7
3,360,145.8
2,360,0
2,361,164.7
2,362,240.3
2,363,18.9
2,364,253.8
2,365,62.1
2,366,56.7
2,367,89.1
2,368,56.7
2,369,205.2
2,370,126.9
2,371,207.9
2,372,186.3
2,373,213.3
2,374,186.3
2,375,62.1
2,376,48.6
2,377,178.2
2,378,194.4
2,378,186.3
2,379,13.5
2,380,16.2
2,381,245.7
2,382,207.9
3,382,421.2
4,382,64.8
2,383,183.6
3,383,194.4
2,384,170.1
2,385,267.3
2,386,13.5
2,387,207.9
2,387,313.2
2,388,191.7
2,388,126.9
2,389,153.9
4,389,67.5
4,389,189
4,389,13.5
4,389,51.3
2,390,40.5
2,391,283.5
2,392,159.3
2,393,164.7
2,394,148.5
2,395,13.5
2,396,175.5
2,397,151.2
2,398,116.1
2,399,137.7
2,400,170.1
2,401,151.2
2,402,270
2,403,183.6
2,404,67.5
2,405,175.5
2,406,67.5
2,406,234.9
4,406,35.1
2,407,135
4,407,21.6
2,407,321.3
2,408,67.5
2,409,137.7
2,410,129.6
2,411,110.7
2,412,51.3
2,413,329.4
2,414,175.5
2,414,159.3
2,414,664.2
4,414,2.7
2,415,24.3
2,416,43.2
2,417,13.5
4,417,288.9
2,418,105.3
2,419,110.7
2,420,137.7
2,421,153.9
4,421,229.5
2,422,183.6
2,423,118.8
2,424,148.5
2,425,81
2,426,137.7
2,427,156.6
2,428,48.6
2,429,59.4
2,430,91.8
4,430,194.4
2,431,113.4
4,431,267.3
2,432,43.2
2,433,81
2,434,32.4
2,435,83.7
2,436,91.8
2,437,70.2
3,437,18.9
2,438,110.7
3,438,78.3
2,439,83.7
2,440,102.6
2,441,16.2
4,441,153.9
4,441,27
2,442,81
2,443,67.5
2,444,494.1
2,445,72.9
4,445,148.5
2,446,91.8
2,447,51.3
2,448,413.1
2,449,64.8
2,449,162
2,449,685.8
2,450,64.8
4,450,99.9
2,451,191.7
2,452,56.7
2,453,132.3
4,453,159.3
4,453,18.9
2,454,67.5
2,454,521.1
2,455,909.9
2,456,35.1
2,457,224.1
2,458,37.8
3,458,59.4
2,459,48.6
2,460,40.5
2,461,32.4
2,462,40.5
2,463,32.4
2,464,27
2,465,32.4
2,466,35.1
2,467,27
2,468,18.9
2,469,78.3
4,469,140.4
2,470,40.5
4,470,207.9
2,471,56.7
2,472,13.5
2,473,10.8
2,474,18.9
2,475,8.1
2,476,16.2
2,477,10.8
2,478,2.7
2,479,2.7
2,479,16.2
2,479,37.8
4,479,64.8
4,479,21.6
3,0,27
3,0,199.8
3,0,75.6
3,0,56.7
3,0,94.5
3,0,16.2
3,0,326.7
3,0,124.2
4,0,256.5
4,0,729
3,0,43.2
4,0,275.4
3,0,13.5
3,0,324
4,0,129.6
3,0,21.6
3,0,70.2
3,0,35.1
4,0,477.9
3,0,16.2
3,0,16.2
4,0,59.4
4,0,226.8
4,0,432
3,0,29.7
4,0,21.6
4,0,75.6
4,0,78.3
4,0,32.4
4,0,591.3
4,0,97.2
4,0,18.9
3,0,37.8
4,0,297
3,0,16.2
4,0,275.4
4,0,380.7
4,0,54
4,0,102.6
3,0,43.2
4,0,37.8
4,0,18.9
4,0,48.6
4,0,110.7
4,0,43.2
4,0,143.1
4,0,234.9
4,0,197.1
4,0,54
4,0,70.2
4,0,86.4
4,0,180.9
4,0,224.1
4,0,89.1
4,0,81
4,0,32.4
4,0,40.5
4,0,135
4,0,118.8
4,0,137.7
4,0,221.4
4,0,270
4,0,81
4,0,24.3
4,0,29.7
4,0,145.8
4,0,172.8
4,0,67.5
4,0,750.6
4,0,89.1
4,0,54
4,0,132.3
4,0,129.6
3,0,45.9
4,0,126.9
2,0,504.9
4,0,145.8
4,0,129.6
4,0,35.1
3,0,29.7
4,0,18.9
4,0,18.9
4,0,13.5
4,0,110.7
4,0,89.1
4,0,81
4,0,81
4,0,16.2
4,0,35.1
4,0,121.5
4,0,18.9
4,0,124.2
4,0,91.8
4,0,27
4,0,2.7
4,0,0
3,0,81
4,0,72.9
3,0,105.3
4,0,59.4
3,0,83.7
4,0,126.9
4,0,64.8
3,0,167.4
4,0,153.9
4,0,72.9
4,0,170.1
4,0,118.8
4,0,32.4
4,0,27
2,0,40.5
4,0,113.4
4,0,145.8
2,0,437.4
4,0,448.2
4,0,72.9
4,0,81
4,0,54
4,0,105.3
3,0,105.3
2,0,261.9
4,0,234.9
4,0,83.7
2,0,307.8
4,0,278.1
3,0,275.4
4,0,305.1
4,0,270
2,0,283.5
2,0,294.3
4,0,186.3
3,0,378
2,0,97.2
2,0,324
2,0,75.6
4,0,310.5
4,0,37.8
3,0,126.9
4,0,334.8
2,0,94.5
4,0,27
3,0,585.9
4,0,494.1
4,0,54
2,0,364.5
2,0,24.3
2,0,56.7
4,0,99.9
2,0,278.1
4,0,21.6
2,0,318.6
4,0,162
4,0,13.5
2,0,372.6
4,0,162
2,0,237.6
4,0,108
4,0,5.4
4,0,59.4
2,0,669.6
2,0,148.5
2,0,691.2
2,0,278.1
2,0,275.4
4,0,159.3
4,0,94.5
4,0,213.3
2,0,8.1
4,0,396.9
2,0,45.9
2,0,569.7
3,0,59.4
2,0,599.4
2,0,726.3
2,0,545.4
4,0,51.3
4,0,126.9
3,0,43.2
4,0,291.6
2,0,70.2
2,0,118.8
4,0,18.9
2,0,16.2
4,0,64.8
4,0,558.9
4,0,45.9
2,0,464.4
4,0,10.8
2,0,13.5
2,0,51.3
3,0,89.1
4,0,29.7
2,0,256.5
4,0,18.9
4,0,16.2
3,0,64.8
2,0,540
2,0,518.4
2,0,24.3
2,0,1560.6
2,0,164.7
2,0,75.6
2,0,1433.7
2,0,70.2
2,0,10.8
2,0,958.5
4,0,726.3
2,0,259.2
2,0,467.1
2,0,1212.3
2,0,102.6
3,0,534.6
2,0,0
3,0,72.9
2,0,521.1
2,0,178.2
2,0,391.5
2,0,194.4
2,0,251.1
2,0,329.4
2,0,72.9
2,0,1026
2,0,153.9
2,0,326.7
2,0,340.2
2,0,2.7
2,0,186.3
2,0,375.3
2,0,29.7
2,0,696.6
2,0,421.2
2,0,13.5
2,0,21.6
4,0,0
2,0,218.7
2,0,16.2
4,0,677.7
3,0,78.3
2,0,243
4,0,40.5
2,0,359.1
2,1,977.4
2,2,64.8
2,3,56.7
2,4,826.2
4,4,29.7
4,4,502.2
2,4,156.6
2,5,78.3
2,5,10.8
2,6,364.5
2,7,64.8
4,7,137.7
2,8,43.2
4,8,70.2
2,9,310.5
2,10,135
4,10,67.5
2,10,197.1
2,11,599.4
4,11,24.3
2,12,78.3
2,12,159.3
2,12,37.8
2,12,191.7
2,13,337.5
2,14,907.2
2,15,405
2,16,64.8
2,17,194.4
2,18,126.9
2,19,340.2
2,20,102.6
2,21,391.5
2,22,448.2
2,23,297
2,24,170.1
4,24,21.6
2,25,83.7
2,26,369.9
2,26,261.9
2,27,480.6
2,28,572.4
2,29,491.4
2,30,313.2
2,31,353.7
2,32,278.1
2,33,29.7
2,34,345.6
2,34,191.7
2,35,148.5
2,36,186.3
2,37,102.6
2,38,280.8
2,39,45.9
2,40,59.4
2,41,13.5
3,41,226.8
2,42,105.3
2,43,67.5
2,44,116.1
2,45,67.5
2,46,56.7
4,46,456.3
2,47,270
2,48,21.6
2,49,102.6
2,49,81
2,50,1568.7
4,50,64.8
2,51,27
2,52,302.4
3,52,378
4,52,8.1
2,53,126.9
2,54,459
2,55,799.2
2,56,240.3
3,56,197.1
2,57,699.3
2,58,156.6
4,58,35.1
2,59,399.6
2,60,32.4
4,60,488.7
2,61,369.9
2,62,388.8
2,63,310.5
2,63,261.9
2,63,745.2
2,64,94.5
2,65,116.1
2,66,234.9
2,66,29.7
2,67,24.3
2,67,116.1
2,67,54
2,68,64.8
2,69,318.6
2,70,172.8
2,71,442.8
2,72,21.6
2,73,151.2
2,74,83.7
2,75,27
2,76,172.8
2,77,29.7
4,77,245.7
2,78,402.3
2,79,448.2
2,80,145.8
2,81,45.9
2,82,81
4,82,5.4
2,83,170.1
2,84,99.9
2,85,194.4
2,86,210.6
2,86,124.2
2,86,10.8
2,87,72.9
2,88,37.8
4,88,113.4
2,89,94.5
2,90,426.6
2,91,110.7
3,91,108
2,91,113.4
2,92,72.9
2,93,899.1
3,93,315.9
2,94,116.1
2,95,224.1
2,96,97.2
2,97,1287.9
3,97,194.4
2,98,24.3
2,99,302.4
2,99,361.8
2,100,1015.2
2,101,27
4,101,556.2
2,102,18.9
3,102,237.6
2,103,13.5
4,103,29.7
2,104,1274.4
2,105,707.4
2,106,275.4
2,107,299.7
2,108,318.6
2,109,62.1
2,110,13.5
2,111,394.2
4,111,54
2,112,153.9
2,113,126.9
4,113,40.5
2,114,116.1
2,115,434.7
2,116,78.3
2,117,626.4
2,117,99.9
2,118,62.1
2,118,24.3
2,118,278.1
2,119,210.6
4,119,126.9
4,119,24.3
4,119,313.2
2,119,815.4
2,120,278.1
2,121,143.1
2,122,21.6
2,123,24.3
2,124,145.8
2,125,45.9
2,126,159.3
2,127,21.6
4,127,367.2
2,128,666.9
2,129,27
2,130,618.3
2,131,828.9
2,132,383.4
2,133,13.5
2,134,45.9
2,135,1215
2,136,37.8
2,137,97.2
2,138,37.8
2,139,380.7
2,139,540
2,140,75.6
2,141,180.9
2,141,167.4
2,142,324
2,143,423.9
2,144,102.6
2,145,548.1
2,146,480.6
2,147,324
2,148,394.2
2,148,156.6
2,149,315.9
2,150,35.1
2,151,604.8
4,151,40.5
2,151,102.6
2,152,102.6
4,152,216
2,153,248.4
2,154,40.5
2,155,820.8
2,156,391.5
4,156,137.7
2,157,307.8
4,157,423.9
2,158,712.8
2,159,105.3
2,160,126.9
2,161,291.6
2,162,437.4
4,162,108
2,162,54
4,162,569.7
2,162,183.6
2,163,118.8
2,163,180.9
2,164,170.1
2,165,502.2
2,166,348.3
4,166,297
4,166,143.1
2,167,607.5
2,168,812.7
2,169,178.2
2,170,653.4
2,171,21.6
2,172,180.9
2,173,464.4
2,173,56.7
2,174,580.5
3,174,81
4,174,51.3
3,174,67.5
4,174,164.7
2,175,35.1
2,176,67.5
2,176,386.1
2,177,315.9
2,178,29.7
2,179,94.5
2,180,45.9
2,181,618.3
4,181,45.9
2,182,229.5
2,182,102.6
2,182,167.4
2,182,210.6
4,182,251.1
3,182,54
2,183,97.2
2,184,237.6
4,184,75.6
2,185,91.8
2,186,48.6
4,186,820.8
2,187,172.8
2,188,288.9
2,189,91.8
2,189,126.9
2,190,256.5
2,190,64.8
2,191,240.3
2,192,548.1
2,193,664.2
2,194,51.3
2,195,356.4
2,196,342.9
2,197,658.8
4,197,2.7
2,198,747.9
2,199,24.3
2,200,958.5
2,201,45.9
2,201,159.3
2,202,378
2,203,275.4
2,204,81
2,205,40.5
2,205,291.6
2,206,534.6
4,206,288.9
4,206,189
2,207,183.6
2,207,326.7
2,208,545.4
2,209,40.5
2,210,321.3
2,211,334.8
2,212,27
2,213,513
2,214,78.3
2,215,288.9
2,216,175.5
2,217,24.3
2,218,402.3
2,219,218.7
2,220,24.3
2,221,459
2,222,518.4
2,223,118.8
4,223,167.4
2,224,45.9
2,225,286.2
2,226,399.6
2,227,151.2
2,228,429.3
2,229,405
2,230,305.1
2,231,202.5
2,232,313.2
2,232,40.5
2,233,575.1
2,234,378
2,235,307.8
2,236,194.4
2,237,229.5
2,238,256.5
2,239,337.5
2,239,113.4
2,240,24.3
2,241,224.1
3,241,159.3
2,242,29.7
2,243,494.1
2,244,315.9
2,245,464.4
2,246,286.2
2,247,459
4,247,275.4
2,248,669.6
2,249,232.2
4,249,124.2
2,250,280.8
2,251,418.5
2,252,37.8
4,252,799.2
2,253,351
2,254,561.6
2,255,97.2
2,256,64.8
2,257,35.1
2,257,35.1
2,258,259.2
2,259,234.9
2,260,270
2,261,51.3
2,262,18.9
2,263,70.2
2,264,78.3
2,265,145.8
4,265,108
2,266,94.5
2,267,43.2
2,268,318.6
2,268,823.5
2,269,585.9
2,270,569.7
4,270,21.6
2,271,164.7
2,272,27
2,273,135
2,274,94.5
2,275,286.2
2,276,199.8
2,276,288.9
2,276,21.6
2,277,364.5
2,278,102.6
2,279,27
2,280,205.2
2,281,405
2,282,183.6
2,282,148.5
2,283,16.2
2,284,218.7
2,285,89.1
2,285,380.7
2,286,329.4
2,286,83.7
4,286,205.2
2,287,448.2
2,288,283.5
2,289,280.8
2,290,302.4
4,290,251.1
2,291,113.4
2,291,237.6
2,292,234.9
2,292,329.4
2,293,118.8
2,294,186.3
2,295,40.5
2,296,16.2
2,297,129.6
2,298,359.1
4,298,40.5
2,299,145.8
2,300,280.8
2,301,302.4
3,301,180.9
4,301,283.5
4,301,97.2
2,302,72.9
2,303,105.3
2,304,307.8
2,305,367.2
2,306,283.5
2,307,315.9
2,308,348.3
2,309,40.5
2,310,345.6
2,311,51.3
2,312,97.2
2,313,199.8
2,314,345.6
2,315,51.3
2,316,72.9
2,317,259.2
2,318,51.3
2,319,329.4
2,320,243
2,320,156.6
2,321,24.3
2,322,175.5
2,323,108
2,324,67.5
2,325,264.6
2,326,162
2,327,40.5
2,327,13.5
2,328,324
2,329,29.7
2,330,145.8
2,330,270
2,331,32.4
2,332,326.7
3,332,13.5
2,333,253.8
2,334,140.4
2,335,137.7
2,336,202.5
2,337,18.9
2,338,27
3,338,251.1
2,339,891
4,339,194.4
2,340,99.9
2,341,18.9
2,342,226.8
2,343,37.8
3,343,72.9
2,344,62.1
2,345,51.3
2,346,35.1
2,347,226.8
2,347,324
2,348,72.9
2,349,62.1
2,350,29.7
2,351,226.8
2,351,361.8
2,352,283.5
2,353,18.9
2,354,129.6
2,355,175.5
2,356,64.8
2,357,226.8
2,357,29.7
2,358,275.4
2,359,178.2
4,359,467.1
2,360,240.3
2,361,54
2,362,83.7
3,362,37.8
2,363,21.6
4,363,575.1
2,364,43.2
4,364,369.9
2,365,64.8
2,366,207.9
2,367,245.7
2,368,288.9
2,369,226.8
2,370,278.1
2,371,186.3
4,371,434.7
2,372,78.3
2,373,189
2,374,191.7
2,374,259.2
2,375,48.6
2,376,108
4,376,348.3
2,377,318.6
2,378,189
2,379,183.6
2,380,205.2
2,381,245.7
2,382,237.6
2,383,70.2
2,384,440.1
2,385,178.2
2,386,164.7
2,387,170.1
2,388,162
2,389,110.7
2,390,105.3
2,391,170.1
2,392,32.4
2,392,16.2
4,392,113.4
2,393,159.3
2,394,175.5
2,395,148.5
2,396,118.8
2,397,105.3
2,398,189
4,398,359.1
2,399,386.1
4,399,64.8
2,400,259.2
2,400,105.3
2,401,153.9
4,401,413.1
2,402,56.7
2,403,237.6
4,403,62.1
2,404,207.9
2,404,183.6
2,405,24.3
2,406,135
2,407,186.3
2,408,24.3
2,409,94.5
2,409,140.4
2,410,234.9
2,410,237.6
4,410,89.1
2,411,16.2
2,412,16.2
2,413,78.3
4,413,180.9
4,413,56.7
2,414,143.1
2,415,140.4
2,416,110.7
2,417,140.4
2,418,27
4,418,48.6
2,419,67.5
2,420,113.4
4,420,40.5
2,421,126.9
2,422,45.9
2,423,32.4
2,424,113.4
2,425,45.9
2,425,318.6
2,426,102.6
3,426,62.1
2,427,148.5
2,428,86.4
4,428,353.7
2,429,89.1
4,429,162
2,430,83.7
3,430,116.1
2,431,21.6
2,432,99.9
2,433,305.1
2,434,29.7
2,435,89.1
2,435,29.7
4,435,78.3
2,435,950.4
2,436,118.8
4,436,72.9
2,436,140.4
2,437,116.1
2,438,410.4
2,439,21.6
2,440,75.6
2,441,29.7
2,442,89.1
2,443,226.8
2,444,405
2,444,172.8
2,445,145.8
2,446,83.7
2,447,78.3
2,448,72.9
2,449,229.5
2,450,86.4
2,451,67.5
2,452,340.2
2,452,48.6
4,452,237.6
2,453,78.3
2,454,72.9
2,455,78.3
2,456,62.1
2,457,13.5
2,458,197.1
2,459,135
3,459,442.8
2,460,56.7
4,460,189
2,461,67.5
2,462,78.3
4,462,480.6
2,463,35.1
2,464,64.8
2,465,170.1
2,466,18.9
2,467,37.8
2,468,51.3
2,469,43.2
2,470,62.1
2,471,54
2,472,32.4
2,473,35.1
2,473,172.8
4,473,89.1
2,474,48.6
2,475,40.5
4,475,151.2
2,476,27
2,477,24.3
2,478,16.2
2,479,97.2
2,480,27
2,481,394.2
4,481,35.1
2,482,153.9
2,483,43.2
2,484,27
2,485,16.2
2,486,29.7
2,487,24.3
2,488,21.6
2,489,18.9
2,490,162
2,491,40.5
2,492,13.5
2,493,8.1
2,494,13.5
2,495,483.3
2,496,5.4
2,497,5.4
2,497,70.2
4,497,16.2
2,497,216
2,497,8.1
3,0,13.5
3,0,310.5
4,0,294.3
3,0,110.7
4,0,151.2
4,0,234.9
3,0,0
4,0,67.5
3,0,45.9
4,0,280.8
3,0,21.6
3,0,59.4
4,0,494.1
4,0,232.2
3,0,51.3
4,0,105.3
4,0,43.2
4,0,666.9
4,0,51.3
4,0,72.9
3,0,67.5
4,0,105.3
4,0,118.8
4,0,145.8
4,0,318.6
4,0,78.3
4,0,51.3
4,0,91.8
4,0,56.7
4,0,59.4
4,0,205.2
4,0,121.5
4,0,156.6
4,0,56.7
3,0,259.2
4,0,170.1
4,0,21.6
4,0,37.8
4,0,56.7
4,0,170.1
4,0,48.6
4,0,62.1
4,0,16.2
4,0,124.2
4,0,426.6
4,0,440.1
4,0,153.9
4,0,159.3
4,0,199.8
4,0,48.6
4,0,45.9
3,0,70.2
4,0,16.2
4,0,21.6
3,0,113.4
4,0,16.2
4,0,108
4,0,113.4
4,0,121.5
4,0,91.8
4,0,24.3
4,0,129.6
4,0,110.7
3,0,167.4
4,0,83.7
4,0,129.6
4,0,197.1
4,0,67.5
4,0,54
3,0,10.8
4,0,162
4,0,48.6
4,0,43.2
4,0,16.2
4,0,16.2
4,0,124.2
3,0,18.9
4,0,75.6
4,0,89.1
4,0,143.1
3,0,24.3
4,0,8.1
4,0,56.7
2,0,132.3
4,0,27
4,0,480.6
4,0,367.2
2,0,221.4
4,0,210.6
4,0,94.5
3,0,37.8
3,0,56.7
2,0,72.9
3,0,353.7
2,0,518.4
4,0,83.7
4,0,145.8
4,0,118.8
4,0,13.5
4,0,202.5
4,0,13.5
3,0,596.7
4,0,21.6
2,0,502.2
4,0,51.3
3,0,305.1
4,0,140.4
4,0,29.7
2,0,81
4,0,37.8
2,0,307.8
4,0,27
2,0,132.3
4,0,45.9
2,0,43.2
2,0,21.6
2,0,2.7
4,0,118.8
4,0,253.8
2,0,162
4,0,24.3
2,0,197.1
2,0,75.6
2,0,94.5
4,0,91.8
4,0,16.2
4,0,232.2
4,0,126.9
2,0,8.1
2,0,172.8
4,0,113.4
2,0,18.9
4,0,162
2,0,402.3
4,0,259.2
2,0,143.1
3,0,27
4,0,108
2,0,229.5
2,0,259.2
4,0,51.3
2,0,313.2
2,0,866.7
4,0,45.9
2,0,94.5
4,0,299.7
2,0,361.8
2,0,237.6
2,0,480.6
2,0,564.3
4,0,67.5
2,0,62.1
2,0,37.8
4,0,353.7
2,0,48.6
2,0,240.3
2,0,294.3
2,0,251.1
4,0,10.8
2,0,72.9
2,0,210.6
2,0,232.2
4,0,369.9
2,0,86.4
2,0,440.1
2,0,113.4
2,0,140.4
4,0,467.1
2,0,21.6
2,0,178.2
2,0,264.6
4,0,999
2,0,267.3
2,0,386.1
2,0,45.9
2,0,62.1
2,0,240.3
2,0,372.6
3,0,48.6
4,0,29.7
4,0,148.5
2,0,105.3
2,0,264.6
2,0,51.3
2,0,194.4
2,0,278.1
4,0,83.7
2,0,405
2,0,256.5
2,0,329.4
2,0,37.8
3,0,70.2
2,0,137.7
4,0,99.9
2,0,1088.1
2,0,51.3
2,0,35.1
4,0,70.2
2,0,799.2
2,0,40.5
3,0,18.9
4,0,191.7
2,0,580.5
2,0,40.5
2,0,21.6
2,1,105.3
2,1,642.6
2,1,369.9
2,1,148.5
2,1,213.3
2,2,29.7
2,2,121.5
2,3,29.7
2,3,866.7
2,4,747.9
2,4,1171.8
2,5,108
2,5,569.7
2,6,1244.7
4,6,113.4
2,6,496.8
2,7,21.6
2,8,29.7
2,9,321.3
2,10,83.7
4,10,13.5
3,10,110.7
2,11,81
2,12,148.5
2,13,504.9
4,13,27
2,14,464.4
2,15,288.9
2,16,205.2
2,17,396.9
2,18,126.9
2,19,37.8
2,20,102.6
4,20,18.9
4,20,32.4
2,21,756
2,22,18.9
2,23,294.3
2,23,969.3
2,24,151.2
2,25,361.8
4,25,399.6
2,26,610.2
2,27,24.3
2,28,121.5
2,29,351
2,29,37.8
2,29,27
2,30,110.7
2,31,172.8
2,32,904.5
2,33,48.6
2,34,35.1
2,35,24.3
2,35,680.4
2,35,91.8
2,36,124.2
2,36,315.9
2,37,221.4
2,38,105.3
2,39,923.4
2,40,97.2
2,41,21.6
2,42,882.9
2,43,62.1
2,44,432
4,44,210.6
2,45,469.8
2,46,326.7
2,47,172.8
2,48,110.7
2,48,1096.2
4,48,264.6
2,49,56.7
4,49,162
2,49,248.4
2,50,197.1
4,50,386.1
2,51,259.2
2,52,183.6
2,53,245.7
2,54,27
2,54,81
2,54,480.6
2,55,696.6
2,56,162
2,57,37.8
4,57,8.1
2,58,712.8
2,59,345.6
2,60,623.7
2,61,37.8
2,61,37.8
2,62,27
2,63,459
2,64,59.4
2,65,580.5
2,66,305.1
2,67,264.6
2,68,110.7
4,68,75.6
2,69,243
4,69,216
2,70,75.6
2,71,278.1
2,72,148.5
2,73,113.4
2,74,24.3
2,75,21.6
4,75,153.9
2,75,261.9
2,75,183.6
2,76,67.5
2,77,388.8
2,78,556.2
2,79,78.3
2,79,89.1
2,80,81
2,81,804.6
4,81,18.9
2,82,340.2
2,82,364.5
2,83,108
2,84,70.2
2,85,108
2,85,118.8
2,85,140.4
2,85,13.5
2,86,18.9
2,86,1071.9
2,87,459
2,88,321.3
4,88,310.5
2,89,43.2
2,90,16.2
2,90,529.2
2,91,81
2,92,67.5
2,93,294.3
2,94,89.1
2,95,480.6
2,96,475.2
2,97,723.6
2,98,294.3
4,98,13.5
2,99,1074.6
2,100,54
4,100,245.7
2,101,437.4
2,102,56.7
2,103,699.3
2,104,602.1
2,105,121.5
2,106,850.5
2,107,1036.8
4,107,81
2,108,448.2
2,109,67.5
2,110,62.1
2,110,693.9
2,111,143.1
2,112,540
4,112,129.6
2,113,286.2
2,114,172.8
2,115,256.5
2,115,62.1
2,116,726.3
2,117,550.8
2,118,340.2
4,118,305.1
2,119,102.6
2,119,156.6
2,119,240.3
2,120,348.3
2,120,507.6
2,120,340.2
2,120,54
2,121,216
2,122,29.7
2,123,472.5
2,124,105.3
2,125,429.3
2,126,81
2,127,121.5
4,127,669.6
2,127,97.2
2,128,278.1
2,128,261.9
2,129,216
2,130,72.9
2,131,542.7
2,132,48.6
2,133,612.9
4,133,78.3
4,133,310.5
2,134,286.2
2,135,89.1
2,136,162
2,137,29.7
2,138,24.3
2,139,213.3
2,139,170.1
2,139,361.8
2,140,283.5
4,140,245.7
2,141,696.6
2,142,16.2
2,143,669.6
2,144,450.9
2,145,70.2
2,145,16.2
2,146,785.7
2,147,135
2,147,135
2,148,288.9
4,148,91.8
2,149,315.9
2,150,32.4
2,151,737.1
2,152,537.3
2,153,434.7
2,154,48.6
2,155,194.4
2,156,210.6
2,156,540
4,156,48.6
2,157,40.5
2,158,207.9
2,159,475.2
2,160,27
2,161,796.5
2,162,183.6
4,162,618.3
2,163,172.8
2,163,380.7
2,164,62.1
4,164,113.4
3,164,423.9
2,165,89.1
2,166,51.3
2,167,99.9
2,167,78.3
2,168,172.8
2,169,256.5
2,170,531.9
2,171,621
2,172,32.4
2,173,418.5
2,173,259.2
2,174,291.6
2,175,612.9
2,176,37.8
2,177,594
2,178,121.5
3,178,286.2
2,178,680.4
2,179,167.4
2,179,162
2,179,224.1
2,180,847.8
2,181,62.1
2,182,113.4
2,182,407.7
2,183,124.2
2,184,137.7
4,184,364.5
2,185,361.8
2,186,72.9
2,187,756
2,188,437.4
2,189,210.6
2,190,62.1
2,190,121.5
2,191,194.4
2,192,207.9
2,192,278.1
2,192,135
2,193,637.2
2,193,189
4,193,167.4
2,194,658.8
2,195,124.2
2,196,172.8
2,197,561.6
2,198,245.7
4,198,54
2,199,116.1
2,200,596.7
2,201,340.2
2,202,108
2,203,645.3
2,204,618.3
4,204,348.3
2,205,118.8
2,206,372.6
2,207,699.3
2,208,475.2
2,209,162
3,209,27
2,210,372.6
4,210,291.6
2,210,86.4
2,211,35.1
4,211,54
2,212,21.6
2,213,402.3
2,214,189
2,215,542.7
2,216,486
4,216,27
2,217,496.8
2,218,105.3
2,219,159.3
2,219,172.8
2,220,351
2,220,375.3
2,221,669.6
2,222,251.1
2,222,167.4
2,223,518.4
2,224,54
2,225,542.7
2,226,629.1
2,227,310.5
2,228,94.5
2,229,186.3
2,230,116.1
2,231,94.5
2,231,56.7
4,231,18.9
2,232,726.3
2,233,151.2
2,234,186.3
2,235,415.8
2,236,410.4
3,236,13.5
2,237,45.9
2,238,137.7
4,238,305.1
2,239,364.5
2,240,437.4
2,241,51.3
4,241,64.8
2,242,351
2,243,164.7
2,244,27
2,245,59.4
2,246,56.7
2,247,369.9
2,248,383.4
2,249,334.8
2,250,426.6
2,251,467.1
2,251,286.2
2,252,218.7
2,253,199.8
2,254,253.8
3,254,48.6
2,255,205.2
2,256,64.8
2,257,159.3
2,257,178.2
2,258,240.3
2,259,83.7
4,259,32.4
2,260,224.1
2,261,175.5
2,262,51.3
2,263,81
2,264,348.3
2,265,240.3
2,266,329.4
2,267,704.7
2,267,45.9
4,267,270
2,268,248.4
4,268,40.5
2,269,116.1
2,270,148.5
2,271,237.6
2,271,113.4
2,272,313.2
4,272,99.9
2,272,305.1
2,273,580.5
2,274,218.7
2,275,380.7
2,276,180.9
2,277,229.5
2,278,342.9
2,279,372.6
2,279,291.6
2,280,423.9
2,281,226.8
2,282,148.5
4,282,772.2
2,283,37.8
2,284,359.1
2,285,440.1
2,286,437.4
2,287,326.7
2,288,70.2
2,289,186.3
2,290,194.4
4,290,75.6
2,291,35.1
2,292,245.7
2,293,413.1
2,294,386.1
2,295,180.9
2,295,194.4
2,296,116.1
2,297,40.5
2,298,167.4
2,299,396.9
2,300,334.8
2,301,89.1
4,301,162
4,301,116.1
2,302,251.1
2,303,426.6
2,304,164.7
2,305,216
2,306,340.2
2,307,405
2,308,72.9
2,309,43.2
2,310,329.4
2,311,364.5
2,312,145.8
2,313,367.2
2,314,48.6
2,315,299.7
2,316,291.6
2,316,267.3
2,316,170.1
2,317,356.4
2,318,137.7
2,319,78.3
2,320,143.1
2,321,32.4
2,322,553.5
2,323,340.2
2,324,280.8
2,325,48.6
2,326,137.7
2,327,67.5
2,328,102.6
2,329,64.8
2,330,202.5
4,330,391.5
2,331,291.6
2,332,216
2,333,267.3
2,334,421.2
4,334,2.7
2,335,324
2,336,272.7
2,337,162
2,338,348.3
2,339,396.9
2,340,18.9
2,341,299.7
2,342,275.4
2,343,143.1
2,344,264.6
2,345,199.8
2,346,353.7
2,347,99.9
2,348,194.4
2,349,45.9
2,350,210.6
2,351,345.6
2,352,162
2,353,243
2,354,16.2
2,355,267.3
2,356,102.6
4,356,35.1
2,357,256.5
2,358,315.9
2,358,140.4
2,359,216
2,360,423.9
2,361,116.1
2,362,413.1
2,363,267.3
2,363,129.6
2,363,237.6
2,364,418.5
2,365,78.3
2,365,332.1
2,366,226.8
2,367,89.1
2,368,162
2,369,243
2,370,86.4
2,371,89.1
2,372,243
2,373,210.6
2,374,218.7
2,374,286.2
2,375,64.8
2,375,137.7
4,375,334.8
2,376,297
4,376,488.7
2,377,27
2,378,332.1
4,378,102.6
4,378,78.3
2,379,234.9
2,380,199.8
4,380,388.8
2,381,213.3
2,382,178.2
2,383,256.5
2,384,151.2
2,385,213.3
2,386,407.7
2,387,16.2
2,388,135
4,388,243
2,389,83.7
2,390,191.7
2,391,18.9
2,392,202.5
2,393,253.8
2,394,132.3
2,395,294.3
2,396,105.3
2,397,194.4
2,398,186.3
2,398,326.7
2,399,224.1
2,400,40.5
2,401,197.1
2,402,13.5
2,403,183.6
2,404,240.3
2,405,70.2
2,406,135
2,407,35.1
2,407,189
2,408,207.9
2,409,89.1
2,410,113.4
2,411,526.5
4,411,56.7
2,412,183.6
2,413,245.7
2,414,291.6
2,415,189
2,416,156.6
2,417,102.6
2,418,207.9
4,418,421.2
2,419,175.5
2,419,105.3
2,420,164.7
2,420,580.5
2,421,108
2,422,81
2,423,45.9
2,423,37.8
2,424,189
2,425,210.6
2,425,426.6
4,425,75.6
2,426,129.6
2,427,415.8
2,428,153.9
2,429,124.2
2,430,164.7
2,431,126.9
2,432,110.7
2,433,27
2,434,264.6
2,435,162
2,435,453.6
2,436,132.3
2,437,99.9
2,438,162
2,439,183.6
2,440,448.2
2,441,164.7
2,442,164.7
2,443,148.5
2,444,54
2,445,132.3
2,446,118.8
2,447,94.5
2,448,99.9
2,449,151.2
2,450,62.1
4,450,240.3
2,451,72.9
2,452,326.7
2,453,86.4
2,454,137.7
2,455,145.8
2,456,108
2,457,113.4
2,458,135
2,458,97.2
2,459,148.5
4,459,264.6
3,459,29.7
2,460,113.4
2,461,110.7
4,461,118.8
2,462,116.1
2,463,121.5
2,463,310.5
2,464,170.1
2,465,515.7
2,466,124.2
2,467,226.8
2,468,40.5
2,468,13.5
4,468,99.9
4,468,245.7
2,469,32.4
2,469,40.5
2,470,151.2
2,471,97.2
2,472,83.7
2,473,116.1
2,474,283.5
2,475,78.3
2,475,81
2,475,24.3
2,476,78.3
2,477,453.6
2,478,70.2
2,479,75.6
2,480,102.6
2,481,67.5
2,481,78.3
2,482,70.2
2,483,78.3
2,484,97.2
2,485,67.5
2,486,81
2,487,62.1
2,488,16.2
2,489,56.7
2,490,72.9
2,491,89.1
3,491,32.4
4,491,332.1
2,491,18.9
2,492,477.9
2,493,37.8
2,494,37.8
2,495,51.3
2,496,35.1
2,497,21.6
2,498,45.9
2,499,27
2,500,367.2
2,501,35.1
2,502,45.9
2,503,35.1
2,504,54
2,505,32.4
2,506,24.3
4,506,59.4
2,507,21.6
2,508,35.1
3,508,54
2,509,140.4
2,510,172.8
2,511,180.9
2,512,18.9
2,513,16.2
2,514,16.2
4,514,342.9
2,515,10.8
2,516,8.1
2,517,5.4
2,518,8.1
4,518,110.7
3,0,175.5
3,0,286.2
3,0,248.4
3,0,189
4,0,237.6
3,0,32.4
4,0,305.1
4,0,267.3
4,0,275.4
4,0,186.3
3,0,86.4
3,0,48.6
3,0,27
3,0,62.1
4,0,81
4,0,13.5
4,0,83.7
4,0,210.6
4,0,337.5
4,0,221.4
4,0,383.4
4,0,29.7
4,0,253.8
4,0,218.7
4,0,62.1
4,0,307.8
4,0,35.1
4,0,272.7
4,0,105.3
4,0,99.9
4,0,135
4,0,62.1
4,0,356.4
4,0,785.7
4,0,94.5
4,0,286.2
4,0,37.8
4,0,329.4
4,0,205.2
4,0,216
3,0,21.6
4,0,35.1
3,0,189
4,0,18.9
2,0,280.8
4,0,13.5
4,0,10.8
4,0,32.4
4,0,89.1
4,0,91.8
4,0,202.5
3,0,307.8
3,0,21.6
4,0,202.5
4,0,43.2
4,0,151.2
4,0,62.1
4,0,29.7
4,0,45.9
4,0,94.5
4,0,89.1
4,0,83.7
4,0,16.2
4,0,48.6
4,0,51.3
4,0,40.5
4,0,162
4,0,129.6
4,0,18.9
4,0,180.9
4,0,297
4,0,156.6
4,0,32.4
4,0,167.4
4,0,148.5
4,0,135
4,0,159.3
4,0,140.4
4,0,62.1
2,0,437.4
2,0,151.2
4,0,394.2
4,0,302.4
3,0,126.9
4,0,245.7
2,0,178.2
4,0,372.6
2,0,172.8
4,0,45.9
2,0,148.5
2,0,37.8
4,0,45.9
2,0,118.8
2,0,307.8
3,0,75.6
4,0,32.4
2,0,32.4
2,0,324
3,0,135
2,0,105.3
2,0,2.7
4,0,302.4
2,0,194.4
2,0,426.6
2,0,194.4
3,0,81
2,0,81
2,0,480.6
2,0,51.3
2,0,602.1
2,0,124.2
4,0,75.6
3,0,64.8
2,0,156.6
2,0,534.6
3,0,113.4
4,0,264.6
2,0,145.8
2,0,267.3
4,0,43.2
2,0,178.2
4,0,224.1
2,0,955.8
2,0,108
4,0,32.4
4,0,72.9
4,0,13.5
2,0,472.5
2,0,537.3
4,0,86.4
2,0,21.6
4,0,237.6
2,0,8.1
2,0,1020.6
2,0,110.7
4,0,264.6
2,0,270
2,0,113.4
3,0,16.2
2,0,89.1
4,0,145.8
2,0,742.5
2,0,756
2,0,40.5
2,0,715.5
2,0,148.5
2,0,453.6
2,0,2.7
2,0,116.1
3,0,5.4
4,0,272.7
2,0,137.7
2,0,405
2,0,550.8
2,0,143.1
2,0,207.9
3,0,89.1
2,0,299.7
2,0,216
4,0,37.8
2,0,342.9
2,0,75.6
2,0,432
4,0,21.6
2,0,901.8
2,0,615.6
2,0,299.7
2,0,245.7
2,0,8.1
2,0,59.4
2,0,18.9
2,0,27
2,0,847.8
2,0,359.1
4,0,64.8
2,0,251.1
2,0,18.9
2,0,91.8
4,0,37.8
2,0,321.3
2,0,599.4
2,0,64.8
2,0,135
2,0,542.7
2,0,48.6
2,0,186.3
3,0,302.4
4,0,261.9
2,0,5.4
2,0,405
2,0,515.7
2,0,56.7
2,1,135
2,1,253.8
2,1,140.4
4,1,35.1
2,1,637.2
2,1,91.8
2,2,21.6
2,2,515.7
4,2,37.8
2,3,56.7
2,4,194.4
2,4,858.6
2,5,926.1
2,6,21.6
2,6,113.4
2,7,232.2
2,8,810
2,9,240.3
2,10,345.6
2,11,286.2
2,12,351
2,13,62.1
2,14,48.6
2,15,453.6
2,16,62.1
2,17,21.6
2,18,124.2
3,18,183.6
2,19,680.4
2,20,48.6
2,21,261.9
2,22,267.3
2,22,153.9
2,22,189
2,23,86.4
2,24,32.4
2,25,129.6
2,26,639.9
2,27,89.1
2,28,121.5
2,29,167.4
2,30,758.7
4,30,118.8
2,31,45.9
4,31,210.6
2,32,75.6
4,32,251.1
2,33,64.8
2,34,723.6
2,35,89.1
2,36,126.9
2,37,585.9
2,38,129.6
2,39,97.2
2,40,78.3
2,41,828.9
4,41,78.3
2,42,1174.5
3,42,224.1
2,43,105.3
2,43,113.4
2,44,191.7
2,45,72.9
2,46,926.1
2,46,359.1
2,47,175.5
2,48,159.3
2,49,688.5
2,50,180.9
2,51,826.2
2,52,29.7
2,52,75.6
2,53,59.4
2,54,313.2
2,55,116.1
2,56,83.7
3,56,275.4
2,57,402.3
4,57,48.6
2,58,89.1
2,59,105.3
2,59,332.1
2,60,326.7
2,61,110.7
2,62,747.9
4,62,259.2
2,62,113.4
2,63,113.4
2,63,256.5
2,63,86.4
2,64,102.6
2,65,121.5
4,65,197.1
2,66,13.5
4,66,18.9
2,67,1201.5
2,67,707.4
4,67,70.2
2,68,32.4
2,69,121.5
2,70,880.2
4,70,0
2,71,801.9
4,71,83.7
2,71,91.8
4,71,45.9
2,72,102.6
2,73,394.2
2,74,359.1
2,75,645.3
2,76,121.5
2,76,631.8
2,76,815.4
2,77,178.2
4,77,421.2
2,78,35.1
2,79,604.8
2,80,845.1
2,81,202.5
2,81,18.9
2,81,24.3
2,82,229.5
2,83,243
2,84,151.2
2,85,16.2
2,86,140.4
2,87,494.1
2,88,32.4
2,89,259.2
2,90,89.1
4,90,364.5
4,90,253.8
4,90,148.5
2,91,70.2
2,92,224.1
2,93,43.2
2,93,97.2
2,94,162
2,95,486
2,96,796.5
2,96,75.6
2,97,286.2
2,98,629.1
2,99,24.3
2,100,337.5
2,101,75.6
2,102,178.2
4,102,89.1
2,103,510.3
2,104,118.8
2,104,143.1
2,105,45.9
2,106,83.7
2,106,267.3
2,106,367.2
2,107,86.4
2,108,16.2
2,109,286.2
2,110,256.5
2,111,64.8
2,112,305.1
2,113,272.7
2,114,37.8
2,115,29.7
2,115,67.5
2,116,189
2,117,747.9
2,118,89.1
2,119,27
2,119,29.7
2,120,261.9
2,121,364.5
4,121,461.7
2,122,21.6
2,123,43.2
2,124,588.6
2,125,626.4
2,126,726.3
4,126,13.5
2,126,35.1
2,127,35.1
4,127,218.7
2,128,102.6
2,129,183.6
2,130,164.7
2,131,251.1
2,132,164.7
4,132,364.5
4,132,164.7
2,133,194.4
3,133,334.8
2,134,175.5
2,135,256.5
2,135,72.9
2,135,137.7
4,135,299.7
2,136,135
2,137,54
2,137,407.7
2,138,369.9
4,138,248.4
2,139,513
2,140,583.2
2,141,89.1
2,142,982.8
2,143,531.9
2,144,421.2
2,145,286.2
2,146,156.6
2,147,83.7
2,148,423.9
2,149,153.9
2,150,399.6
2,151,113.4
2,152,67.5
2,153,475.2
2,154,64.8
2,155,580.5
4,155,305.1
2,156,720.9
2,157,653.4
2,158,18.9
4,158,135
2,158,839.7
2,159,729
2,160,621
2,161,207.9
2,162,89.1
2,163,378
2,164,618.3
2,165,345.6
2,166,105.3
2,167,267.3
2,168,113.4
2,168,21.6
2,169,232.2
2,170,175.5
2,171,302.4
2,171,156.6
4,171,356.4
2,172,234.9
2,173,194.4
2,174,56.7
2,175,367.2
2,175,116.1
2,176,132.3
2,177,175.5
2,178,29.7
2,179,240.3
4,179,210.6
4,179,318.6
2,180,102.6
2,181,132.3
2,182,248.4
2,183,456.3
2,184,205.2
2,185,499.5
2,186,59.4
2,187,91.8
2,188,51.3
2,189,561.6
4,189,186.3
2,190,54
2,191,226.8
2,192,272.7
2,193,756
2,194,272.7
2,195,205.2
2,196,639.9
4,196,70.2
2,197,437.4
2,198,159.3
2,199,178.2
2,200,585.9
2,201,86.4
2,202,91.8
4,202,199.8
2,203,577.8
2,204,113.4
2,205,37.8
2,206,64.8
4,206,124.2
2,207,162
2,208,94.5
2,209,132.3
2,210,310.5
2,211,378
2,212,548.1
2,212,159.3
2,213,882.9
4,213,267.3
2,214,529.2
2,215,232.2
2,216,135
2,216,59.4
2,217,18.9
2,218,558.9
2,218,259.2
2,219,83.7
2,220,48.6
4,220,29.7
2,221,37.8
2,222,480.6
2,222,45.9
2,223,577.8
4,223,62.1
2,224,89.1
2,225,132.3
2,226,588.6
2,227,777.6
2,228,440.1
2,229,159.3
2,229,180.9
2,230,345.6
2,230,37.8
2,231,348.3
2,232,423.9
2,233,32.4
2,234,54
2,235,83.7
2,236,307.8
2,237,162
2,238,378
2,238,16.2
2,238,110.7
4,238,32.4
2,239,124.2
2,240,261.9
2,241,453.6
2,242,467.1
2,243,199.8
2,244,326.7
2,245,113.4
2,246,105.3
4,246,118.8
2,247,237.6
4,247,67.5
2,248,402.3
4,248,45.9
2,249,615.6
2,250,89.1
2,251,94.5
2,252,18.9
2,252,37.8
4,252,129.6
2,253,35.1
2,254,124.2
2,255,45.9
4,255,86.4
2,256,143.1
2,257,623.7
4,257,232.2
2,258,496.8
2,259,54
2,260,221.4
2,261,99.9
2,262,99.9
4,262,102.6
2,262,137.7
2,262,353.7
2,263,380.7
2,264,121.5
2,265,396.9
2,266,21.6
2,267,286.2
2,268,378
4,268,18.9
2,269,59.4
2,270,186.3
2,271,32.4
2,272,54
2,273,610.2
2,273,388.8
2,274,40.5
2,275,75.6
4,275,337.5
2,276,639.9
2,277,24.3
2,278,81
2,279,81
4,279,324
2,280,102.6
4,280,81
2,281,64.8
4,281,116.1
2,282,118.8
2,283,27
2,284,172.8
2,285,67.5
2,286,24.3
2,287,18.9
2,287,116.1
2,288,48.6
2,289,372.6
2,290,35.1
2,290,43.2
4,290,83.7
2,291,264.6
2,291,297
2,292,291.6
2,292,83.7
2,293,108
3,293,102.6
4,293,16.2
2,294,78.3
2,295,59.4
2,295,248.4
4,295,234.9
2,296,272.7
2,297,78.3
2,297,318.6
2,297,307.8
2,298,499.5
2,298,507.6
2,299,54
2,300,342.9
2,301,21.6
2,302,240.3
2,303,340.2
2,304,210.6
2,304,135
2,305,240.3
2,306,202.5
2,307,251.1
2,307,318.6
3,307,40.5
2,308,118.8
2,309,251.1
4,309,297
2,310,334.8
2,311,54
4,311,78.3
4,311,253.8
2,312,356.4
2,313,372.6
2,314,129.6
2,315,21.6
2,315,164.7
2,316,383.4
2,317,197.1
2,318,156.6
2,319,94.5
2,320,91.8
2,321,56.7
2,322,345.6
2,323,337.5
2,323,32.4
2,324,237.6
2,325,105.3
2,326,337.5
2,327,67.5
2,328,162
2,329,86.4
2,330,29.7
2,331,348.3
2,332,232.2
4,332,248.4
2,333,267.3
2,334,402.3
4,334,391.5
2,335,191.7
2,336,210.6
2,337,210.6
4,337,86.4
2,338,280.8
2,339,299.7
2,340,313.2
2,341,24.3
2,342,16.2
2,342,486
2,343,21.6
2,344,51.3
2,345,286.2
2,346,278.1
2,347,394.2
2,348,110.7
2,349,118.8
2,349,378
2,350,334.8
2,351,72.9
4,351,332.1
2,352,167.4
2,353,48.6
2,354,180.9
2,355,288.9
2,356,259.2
2,357,310.5
2,358,189
4,358,318.6
2,359,35.1
2,360,67.5
2,361,43.2
2,362,297
2,363,186.3
2,364,275.4
2,365,261.9
2,366,37.8
2,367,232.2
2,368,248.4
2,369,237.6
2,369,283.5
2,370,40.5
2,371,237.6
2,372,261.9
2,373,81
2,374,54
2,375,189
2,376,267.3
2,377,75.6
2,378,86.4
2,379,35.1
4,379,118.8
2,380,202.5
2,381,124.2
2,382,453.6
2,383,16.2
2,384,234.9
2,385,337.5
2,386,62.1
2,387,232.2
2,388,124.2
2,389,91.8
2,390,170.1
2,391,240.3
2,392,172.8
4,392,86.4
4,392,29.7
2,393,334.8
2,394,121.5
2,395,216
4,395,29.7
2,396,507.6
2,397,24.3
2,398,143.1
2,399,67.5
2,400,283.5
2,401,59.4
2,402,278.1
2,403,35.1
2,404,307.8
2,405,213.3
4,405,180.9
2,405,183.6
4,405,29.7
2,406,175.5
2,407,264.6
2,408,59.4
2,409,207.9
2,409,51.3
2,410,153.9
2,411,40.5
2,412,24.3
2,413,164.7
2,414,834.3
2,415,56.7
2,416,51.3
2,417,194.4
2,418,129.6
2,419,135
3,419,337.5
4,419,186.3
2,420,186.3
2,420,164.7
2,421,94.5
2,422,105.3
2,423,224.1
2,424,148.5
2,425,226.8
2,426,32.4
2,426,129.6
2,427,224.1
2,428,153.9
2,429,159.3
2,430,64.8
2,431,170.1
2,432,137.7
2,433,126.9
2,434,21.6
2,435,194.4
2,436,121.5
2,437,135
2,437,523.8
2,438,140.4
4,438,89.1
2,439,126.9
2,440,243
2,441,124.2
2,442,170.1
2,442,351
2,443,78.3
2,444,148.5
2,445,18.9
2,445,59.4
2,446,137.7
2,447,126.9
2,448,189
4,448,13.5
2,449,145.8
2,450,75.6
2,451,108
2,452,167.4
2,453,118.8
2,453,391.5
4,453,159.3
2,454,135
2,455,153.9
2,456,121.5
2,457,167.4
2,458,56.7
2,459,24.3
2,459,118.8
4,459,70.2
2,460,108
2,461,89.1
2,462,108
2,463,99.9
2,463,37.8
2,464,43.2
2,465,102.6
4,465,364.5
2,466,183.6
3,466,64.8
2,467,126.9
2,468,332.1
2,469,13.5
2,470,102.6
2,471,81
2,472,110.7
2,473,75.6
2,474,121.5
2,475,91.8
2,476,75.6
4,476,175.5
2,477,89.1
4,477,345.6
2,478,116.1
2,479,70.2
2,480,94.5
2,481,442.8
2,482,16.2
2,483,124.2
2,484,70.2
2,484,43.2
2,485,94.5
2,486,189
2,487,526.5
2,488,105.3
4,488,8.1
2,489,48.6
2,490,124.2
2,490,704.7
2,491,62.1
2,492,62.1
2,493,62.1
2,493,648
2,494,67.5
2,495,59.4
2,496,62.1
2,497,72.9
2,498,62.1
3,498,302.4
4,498,153.9
2,499,56.7
2,500,472.5
2,501,40.5
2,502,43.2
2,503,94.5
2,504,21.6
2,505,37.8
2,506,43.2
2,507,40.5
2,508,32.4
2,509,108
2,510,418.5
2,510,156.6
2,510,113.4
2,511,72.9
4,511,29.7
2,512,24.3
2,513,197.1
2,514,24.3
2,515,35.1
2,516,29.7
2,517,21.6
2,517,264.6
2,518,16.2
2,518,261.9
2,519,132.3
2,520,13.5
2,520,205.2
2,521,5.4
2,521,170.1
2,522,2.7
2,522,83.7
2,522,261.9
2,522,35.1
4,522,86.4
2,522,51.3
2,522,178.2
2,522,37.8
2,522,121.5
3,0,27
3,0,153.9
3,0,21.6
3,0,402.3
3,0,143.1
3,0,664.2
3,0,180.9
3,0,162
3,0,297
3,0,156.6
3,0,121.5
3,0,40.5
3,0,259.2
3,0,116.1
3,0,148.5
3,0,207.9
3,0,35.1
3,0,24.3
3,0,116.1
3,0,35.1
3,0,216
3,0,108
3,0,18.9
3,0,421.2
3,0,62.1
3,0,27
3,0,129.6
3,0,326.7
3,0,21.6
3,0,81
3,0,251.1
3,0,24.3
3,0,35.1
3,0,54
3,0,13.5
3,0,83.7
3,0,264.6
3,0,129.6
3,0,37.8
3,0,180.9
3,0,45.9
3,0,116.1
3,0,54
3,0,35.1
3,0,40.5
3,0,81
3,0,264.6
3,0,54
3,0,13.5
3,0,10.8
2,0,121.5
3,0,445.5
3,0,788.4
3,0,43.2
2,0,197.1
2,0,324
3,0,56.7
3,0,97.2
3,0,78.3
3,0,89.1
3,0,78.3
2,0,494.1
3,0,16.2
2,0,253.8
2,0,129.6
2,0,153.9
3,0,118.8
3,0,253.8
2,0,253.8
3,0,126.9
2,0,72.9
3,0,113.4
3,0,140.4
2,0,78.3
2,0,8.1
2,0,283.5
3,0,110.7
3,0,121.5
2,0,167.4
2,0,151.2
3,0,78.3
2,0,121.5
2,0,234.9
2,0,105.3
3,0,140.4
2,0,437.4
2,0,54
3,0,27
2,0,124.2
2,0,70.2
2,0,10.8
2,0,113.4
2,0,83.7
2,0,297
2,0,469.8
3,0,124.2
2,0,143.1
2,0,413.1
2,0,375.3
2,0,78.3
2,0,602.1
2,0,16.2
2,0,67.5
2,0,205.2
2,0,194.4
2,0,213.3
2,0,78.3
2,0,189
2,0,118.8
2,0,259.2
3,0,13.5
2,0,1188
2,0,54
2,0,29.7
2,0,67.5
2,0,216
2,0,278.1
2,0,407.7
2,0,283.5
2,0,5.4
2,0,113.4
2,0,29.7
2,0,720.9
2,0,32.4
3,0,40.5
2,0,224.1
2,0,272.7
2,0,324
2,0,48.6
2,0,321.3
2,0,272.7
2,0,1109.7
2,0,256.5
2,0,118.8
2,0,461.7
2,0,329.4
2,0,197.1
2,0,456.3
2,0,145.8
2,0,126.9
2,0,118.8
2,0,32.4
2,0,129.6
2,0,54
2,0,394.2
2,0,140.4
2,0,261.9
2,0,734.4
2,0,137.7
2,0,0
2,0,81
2,0,5.4
2,0,94.5
2,0,288.9
2,0,56.7
2,0,2.7
2,0,43.2
3,0,89.1
2,0,124.2
2,1,307.8
2,2,440.1
2,2,153.9
3,2,561.6
2,3,364.5
2,4,267.3
2,5,326.7
2,5,526.5
2,6,791.1
2,7,318.6
2,8,32.4
2,9,604.8
2,10,583.2
2,11,37.8
2,12,1360.8
2,13,13.5
2,14,615.6
2,15,148.5
2,16,224.1
2,17,278.1
2,18,27
2,19,172.8
2,20,901.8
2,21,54
2,21,156.6
2,21,615.6
2,21,162
2,22,135
2,23,16.2
2,24,183.6
2,25,348.3
2,26,24.3
3,26,248.4
2,27,723.6
3,27,51.3
2,28,124.2
2,29,37.8
2,29,270
2,29,202.5
2,30,324
2,31,59.4
2,32,472.5
2,32,737.1
2,33,135
2,34,502.2
2,35,48.6
2,36,642.6
2,37,591.3
2,38,43.2
2,39,545.4
2,40,183.6
2,40,162
2,41,243
2,42,1177.2
2,43,758.7
2,44,321.3
2,45,105.3
2,46,37.8
2,47,102.6
2,48,1152.9
2,49,321.3
2,50,310.5
2,51,280.8
2,52,75.6
2,53,59.4
3,53,248.4
2,54,202.5
2,54,245.7
2,55,621
2,56,261.9
2,57,35.1
2,57,364.5
2,58,348.3
2,58,715.5
2,59,286.2
2,60,283.5
2,61,62.1
2,61,513
2,62,594
2,63,145.8
2,64,164.7
2,65,126.9
2,65,399.6
2,65,175.5
2,66,243
2,67,1128.6
2,68,54
2,69,275.4
2,70,842.4
2,71,218.7
2,71,110.7
2,72,143.1
3,72,29.7
2,72,64.8
2,73,585.9
2,74,386.1
2,75,604.8
2,76,278.1
2,77,83.7
2,78,121.5
2,78,78.3
2,79,599.4
2,79,772.2
2,80,91.8
2,81,213.3
2,82,472.5
2,83,475.2
2,84,97.2
2,85,140.4
2,86,81
2,87,321.3
2,87,556.2
2,87,680.4
2,88,37.8
2,88,132.3
2,89,97.2
2,90,32.4
2,91,137.7
2,92,502.2
2,93,529.2
2,94,178.2
2,95,67.5
2,96,40.5
2,97,245.7
2,98,35.1
2,99,461.7
2,100,54
2,100,175.5
3,100,245.7
3,100,24.3
2,101,842.4
2,102,94.5
2,103,599.4
2,104,359.1
2,105,99.9
2,106,742.5
2,107,199.8
2,107,556.2
2,107,480.6
2,108,237.6
2,109,43.2
2,110,62.1
2,111,256.5
3,111,283.5
2,112,324
2,112,232.2
2,113,450.9
2,114,342.9
2,114,658.8
2,115,45.9
3,115,18.9
2,116,78.3
2,117,626.4
2,117,16.2
2,118,329.4
2,119,477.9
2,120,758.7
2,120,243
2,121,545.4
2,122,353.7
2,123,167.4
2,124,153.9
2,125,683.1
2,126,259.2
2,127,72.9
2,128,205.2
2,129,450.9
2,130,550.8
2,131,334.8
2,132,672.3
2,133,83.7
2,134,186.3
2,135,820.8
2,136,94.5
2,137,102.6
2,138,83.7
2,139,37.8
2,140,40.5
2,141,151.2
2,142,70.2
2,142,140.4
2,143,170.1
2,144,24.3
2,145,237.6
2,145,248.4
2,146,13.5
3,146,145.8
2,147,56.7
2,147,102.6
2,148,27
2,149,550.8
2,150,542.7
2,151,526.5
2,151,56.7
2,151,70.2
3,151,45.9
2,152,56.7
2,152,75.6
2,153,67.5
2,154,396.9
2,155,199.8
2,156,40.5
2,157,218.7
3,157,18.9
2,158,148.5
2,159,540
2,160,386.1
2,161,334.8
2,162,218.7
2,163,170.1
2,163,129.6
2,164,553.5
2,164,396.9
2,164,126.9
2,164,232.2
2,165,337.5
2,165,178.2
2,166,229.5
2,167,170.1
2,168,116.1
2,169,461.7
2,170,337.5
2,171,205.2
2,172,715.5
3,172,893.7
2,173,207.9
2,174,558.9
2,175,54
2,175,315.9
2,176,191.7
2,177,426.6
2,178,548.1
2,179,602.1
2,180,24.3
2,181,64.8
2,182,40.5
2,182,121.5
2,183,97.2
2,184,27
2,185,577.8
2,186,267.3
2,187,164.7
2,188,488.7
2,189,32.4
2,190,407.7
2,191,116.1
2,192,197.1
2,193,221.4
2,194,702
2,195,164.7
2,196,661.5
2,197,602.1
2,198,205.2
2,199,615.6
2,200,64.8
2,201,126.9
2,202,118.8
2,203,394.2
2,204,221.4
2,205,78.3
2,206,64.8
2,207,383.4
2,208,16.2
2,208,280.8
2,209,191.7
2,210,534.6
2,211,464.4
2,212,126.9
2,213,326.7
2,214,666.9
2,215,356.4
2,215,313.2
2,216,29.7
2,217,32.4
3,217,137.7
2,218,97.2
2,219,175.5
2,220,37.8
2,220,607.5
2,221,909.9
2,222,388.8
2,222,32.4
2,223,248.4
2,224,334.8
2,224,126.9
2,224,151.2
2,225,510.3
2,226,113.4
2,227,588.6
2,228,43.2
2,229,16.2
2,230,313.2
2,231,518.4
2,231,207.9
3,231,162
2,232,175.5
2,232,83.7
2,233,32.4
2,234,167.4
2,235,156.6
2,236,351
3,236,229.5
2,237,143.1
2,238,380.7
2,239,102.6
2,240,102.6
2,241,251.1
2,242,237.6
2,243,483.3
2,244,86.4
2,245,175.5
2,246,464.4
2,247,464.4
2,248,180.9
2,249,332.1
2,250,456.3
2,251,426.6
2,252,37.8
2,253,75.6
2,254,440.1
2,254,62.1
2,255,302.4
2,256,97.2
2,257,59.4
2,258,356.4
2,259,110.7
2,260,334.8
3,260,81
2,261,121.5
2,262,278.1
2,263,67.5
2,264,299.7
2,265,59.4
2,266,607.5
2,267,64.8
2,268,64.8
2,269,170.1
2,269,310.5
2,270,29.7
2,271,207.9
2,271,488.7
2,271,534.6
2,272,162
2,273,118.8
2,274,91.8
2,275,270
2,276,16.2
2,277,394.2
2,278,407.7
2,278,129.6
2,279,113.4
2,280,135
2,281,70.2
2,282,405
2,283,91.8
2,284,294.3
3,284,253.8
2,285,148.5
2,285,62.1
2,286,502.2
2,287,108
2,288,356.4
2,289,207.9
3,289,86.4
2,290,70.2
2,291,251.1
2,292,91.8
2,293,148.5
2,294,388.8
3,294,13.5
2,295,450.9
2,296,383.4
2,297,216
2,298,210.6
2,299,140.4
2,299,367.2
2,300,116.1
2,301,245.7
2,302,440.1
2,303,588.6
2,303,248.4
3,303,194.4
2,304,383.4
2,305,118.8
2,306,410.4
2,307,226.8
2,308,167.4
2,309,386.1
2,310,437.4
2,311,205.2
2,312,434.7
2,312,399.6
2,313,180.9
2,314,170.1
2,315,218.7
2,316,243
3,316,16.2
2,317,348.3
2,318,153.9
2,318,178.2
2,319,137.7
2,320,164.7
2,321,494.1
2,322,216
2,323,229.5
2,324,216
2,325,124.2
2,326,24.3
2,327,604.8
2,328,421.2
2,329,375.3
2,330,240.3
2,331,16.2
2,331,990.9
2,332,283.5
2,333,502.2
2,334,162
2,335,24.3
2,336,24.3
2,337,351
2,338,180.9
2,339,272.7
2,340,153.9
2,340,742.5
2,340,18.9
2,341,302.4
2,342,137.7
2,342,234.9
2,343,337.5
2,344,329.4
2,345,477.9
2,346,137.7
2,347,369.9
2,348,56.7
2,349,97.2
2,350,272.7
2,351,210.6
2,352,102.6
2,353,40.5
2,354,175.5
2,355,67.5
2,356,275.4
2,357,469.8
3,357,89.1
2,358,116.1
2,359,143.1
2,360,72.9
2,361,91.8
2,362,210.6
2,363,164.7
2,364,145.8
2,365,213.3
2,366,216
2,367,283.5
2,368,140.4
2,369,54
2,370,16.2
3,370,13.5
2,371,402.3
2,372,183.6
2,373,407.7
2,374,386.1
2,375,110.7
2,376,423.9
2,377,472.5
2,378,186.3
2,379,197.1
2,380,210.6
2,381,369.9
2,382,64.8
2,383,113.4
2,384,383.4
2,385,388.8
2,386,94.5
2,387,280.8
2,388,16.2
2,389,294.3
2,390,264.6
2,390,272.7
2,391,232.2
2,392,18.9
2,393,237.6
2,394,383.4
2,395,251.1
2,395,140.4
2,396,278.1
2,397,81
2,397,70.2
2,398,234.9
2,399,216
2,400,226.8
2,401,45.9
2,402,29.7
2,403,210.6
2,403,183.6
2,404,199.8
2,405,178.2
2,406,329.4
2,407,32.4
2,408,137.7
2,409,97.2
2,409,105.3
2,410,278.1
2,411,70.2
2,412,297
2,413,91.8
2,414,105.3
2,415,264.6
2,416,234.9
2,417,243
2,418,54
2,419,205.2
2,420,35.1
2,421,189
2,422,243
2,423,189
2,424,145.8
2,425,21.6
2,426,94.5
2,427,135
2,428,305.1
2,429,259.2
2,430,78.3
2,431,234.9
2,432,175.5
2,433,278.1
2,434,180.9
2,435,13.5
2,436,299.7
2,437,162
2,438,86.4
2,439,172.8
2,440,164.7
2,441,197.1
2,442,259.2
2,443,105.3
2,444,189
2,445,167.4
2,446,178.2
2,447,178.2
2,448,67.5
2,449,224.1
2,450,621
2,451,148.5
2,452,153.9
2,453,205.2
2,454,78.3
2,455,35.1
2,455,440.1
2,456,81
3,456,315.9
2,457,153.9
2,458,224.1
2,459,186.3
2,460,183.6
2,461,40.5
2,462,189
2,463,129.6
2,464,496.8
2,464,210.6
2,465,178.2
2,466,18.9
2,467,110.7
2,468,140.4
2,468,43.2
2,469,32.4
2,470,116.1
2,471,121.5
2,472,162
2,473,180.9
2,474,172.8
2,475,164.7
2,476,170.1
2,477,18.9
2,478,151.2
2,479,13.5
2,480,18.9
2,481,70.2
2,482,113.4
2,483,56.7
2,484,162
2,485,59.4
3,485,216
3,485,56.7
2,486,124.2
2,486,10.8
2,486,175.5
2,487,162
2,487,126.9
2,488,137.7
3,488,199.8
2,489,91.8
2,490,72.9
2,491,205.2
2,492,116.1
2,493,108
2,494,299.7
2,494,426.6
2,495,62.1
3,495,207.9
2,496,113.4
3,496,380.7
2,497,259.2
2,498,72.9
2,499,32.4
2,500,91.8
2,501,86.4
2,502,102.6
3,502,45.9
2,503,207.9
2,504,70.2
2,505,86.4
2,506,86.4
3,506,216
2,507,248.4
2,508,91.8
2,509,399.6
2,510,78.3
2,511,62.1
2,512,32.4
2,513,91.8
2,514,54
2,515,37.8
2,516,113.4
3,516,386.1
2,517,475.2
2,518,164.7
2,519,70.2
2,520,37.8
2,521,75.6
2,522,70.2
2,523,24.3
2,524,21.6
2,525,48.6
2,526,48.6
3,526,318.6
2,527,56.7
2,528,37.8
2,529,29.7
2,530,162
2,530,113.4
2,531,51.3
2,532,43.2
2,533,37.8
2,534,29.7
2,535,29.7
2,536,29.7
2,537,13.5
2,538,32.4
2,538,108
2,539,35.1
2,540,24.3
2,541,126.9
2,542,35.1
2,543,45.9
2,544,315.9
2,545,21.6
2,546,29.7
2,547,16.2
2,548,10.8
2,549,27
2,550,10.8
2,551,21.6
2,552,27
2,553,5.4
2,554,5.4
2,555,97.2
2,556,5.4
2,556,67.5
